territory,currency,weekly,monthly,yearly
AE,AED,7.99,12.99,79.99
AF,USD,1.99,2.99,19.99
AG,USD,1.99,2.99,19.99
AI,USD,1.99,2.99,19.99
AL,USD,1.99,3.99,22.99
AM,USD,1.99,3.99,22.99
AO,USD,1.99,2.99,19.99
AR,USD,1.99,2.99,19.99
AT,EUR,1.99,2.99,22.99
AU,AUD,2.99,4.99,29.99
AZ,USD,1.99,3.99,22.99
BA,EUR,1.99,2.99,22.99
BB,USD,1.99,3.99,22.99
BE,EUR,1.99,2.99,22.99
BF,USD,1.99,2.99,19.99
BG,EUR,1.99,2.99,22.99
BH,USD,1.99,2.99,19.99
BJ,USD,1.99,3.99,22.99
BM,USD,1.99,2.99,19.99
BN,USD,1.99,2.99,19.99
BO,USD,1.99,2.99,19.99
BR,BRL,12.9,19.9,129.9
BS,USD,1.99,2.99,19.99
BT,USD,1.99,2.99,19.99
BW,USD,1.99,2.99,19.99
BY,USD,1.99,3.99,22.99
BZ,USD,1.99,2.99,19.99
CA,CAD,2.99,3.99,24.99
CD,USD,1.99,2.99,19.99
CG,USD,1.99,3.99,22.99
CH,CHF,2,3,18
CI,USD,1.99,3.99,22.99
CL,CLP,1990,2990,22990
CM,USD,1.99,3.99,22.99
CN,CNY,15,22,148
CO,COP,9900,14900,99900
CR,USD,1.99,2.99,19.99
CV,USD,1.99,2.99,19.99
CY,EUR,1.99,2.99,22.99
CZ,CZK,49,79,499
DE,EUR,1.99,2.99,22.99
DK,DKK,19,29,179
DM,USD,1.99,2.99,19.99
DO,USD,1.99,2.99,19.99
DZ,USD,1.99,2.99,19.99
EC,USD,1.99,2.99,19.99
EE,EUR,1.99,2.99,22.99
EG,EGP,99.99,149.99,999.99
ES,EUR,1.99,2.99,22.99
FI,EUR,1.99,2.99,22.99
FJ,USD,1.99,2.99,19.99
FM,USD,1.99,2.99,19.99
FR,EUR,1.99,2.99,22.99
GA,USD,1.99,2.99,19.99
GB,GBP,1.99,2.99,19.99
GD,USD,1.99,2.99,19.99
GE,USD,1.99,3.99,22.99
GH,USD,1.99,3.99,22.99
GM,USD,1.99,2.99,19.99
GR,EUR,1.99,2.99,22.99
GT,USD,1.99,2.99,19.99
GW,USD,1.99,2.99,19.99
GY,USD,1.99,2.99,19.99
HK,HKD,18,22,148
HN,USD,1.99,2.99,19.99
HR,EUR,1.99,2.99,22.99
HU,HUF,999,1490,8990
ID,IDR,29000,59000,399000
IE,EUR,1.99,2.99,22.99
IL,ILS,7.9,9.9,59.9
IN,INR,199,299,1999
IQ,USD,1.99,2.99,19.99
IS,USD,1.99,3.99,22.99
IT,EUR,1.99,2.99,22.99
JM,USD,1.99,2.99,19.99
JO,USD,1.99,2.99,19.99
JP,JPY,300,500,3000
KE,USD,1.99,3.99,22.99
KG,USD,1.99,2.99,19.99
KH,USD,1.99,2.99,19.99
KN,USD,1.99,2.99,19.99
KR,KRW,3300,4400,33000
KW,USD,1.99,2.99,19.99
KY,USD,1.99,2.99,19.99
KZ,KZT,999,1790,11990
LA,USD,1.99,2.99,19.99
LB,USD,1.99,2.99,19.99
LC,USD,1.99,2.99,19.99
LK,USD,1.99,2.99,19.99
LR,USD,1.99,2.99,19.99
LT,EUR,1.99,2.99,22.99
LU,EUR,1.99,2.99,22.99
LV,EUR,1.99,2.99,22.99
LY,USD,1.99,2.99,19.99
MA,USD,1.99,3.99,22.99
MD,USD,1.99,3.99,22.99
ME,EUR,1.99,2.99,19.99
MG,USD,1.99,2.99,19.99
MK,USD,1.99,2.99,19.99
ML,USD,1.99,2.99,19.99
MM,USD,1.99,2.99,19.99
MN,USD,1.99,2.99,19.99
MO,USD,1.99,2.99,19.99
MR,USD,1.99,2.99,19.99
MS,USD,1.99,2.99,19.99
MT,EUR,1.99,2.99,22.99
MU,USD,1.99,3.99,22.99
MV,USD,1.99,2.99,19.99
MW,USD,1.99,2.99,19.99
MX,MXN,39,69,399
MY,MYR,9.9,14.9,99.9
MZ,USD,1.99,2.99,19.99
NA,USD,1.99,2.99,19.99
NE,USD,1.99,2.99,19.99
NG,NGN,3200,4900,29900
NI,USD,1.99,2.99,19.99
NL,EUR,1.99,2.99,22.99
NO,NOK,29,39,249
NP,USD,1.99,3.99,22.99
NR,USD,1.99,2.99,19.99
NZ,NZD,3.99,4.99,39.99
OM,USD,1.99,2.99,19.99
PA,USD,1.99,2.99,19.99
PE,PEN,9.9,12.9,89.9
PG,USD,1.99,2.99,19.99
PH,PHP,129,199,1290
PK,PKR,500,900,4900
PL,PLN,9.99,14.99,99.99
PT,EUR,1.99,2.99,22.99
PW,USD,1.99,2.99,19.99
PY,USD,1.99,2.99,19.99
QA,QAR,7.99,9.99,69.99
RO,RON,9.99,14.99,99.99
RS,EUR,1.99,2.99,22.99
RU,RUB,199,249,1790
RW,USD,1.99,2.99,19.99
SA,SAR,9.99,12.99,89.99
SB,USD,1.99,2.99,19.99
SC,USD,1.99,2.99,19.99
SE,SEK,29,39,249
SG,SGD,2.98,3.98,29.98
SI,EUR,1.99,2.99,22.99
SK,EUR,1.99,2.99,22.99
SL,USD,1.99,2.99,19.99
SN,USD,1.99,3.99,22.99
SR,USD,1.99,2.99,19.99
ST,USD,1.99,2.99,19.99
SV,USD,1.99,2.99,19.99
SZ,USD,1.99,2.99,19.99
TC,USD,1.99,2.99,19.99
TD,USD,1.99,2.99,19.99
TH,THB,79,99,699
TJ,USD,1.99,2.99,19.99
TM,USD,1.99,2.99,19.99
TN,USD,1.99,2.99,19.99
TO,USD,1.99,2.99,19.99
TR,TRY,99.99,149.99,999.99
TT,USD,1.99,2.99,19.99
TW,TWD,60,90,690
TZ,TZS,5900,9900,59900
UA,USD,1.99,3.99,22.99
UG,USD,1.99,3.99,22.99
US,USD,1.99,2.99,19.99
UY,USD,1.99,2.99,19.99
UZ,USD,1.99,2.99,19.99
VC,USD,1.99,2.99,19.99
VE,USD,1.99,2.99,19.99
VG,USD,1.99,2.99,19.99
VN,VND,59000,99000,599000
VU,USD,1.99,2.99,19.99
XK,EUR,1.99,2.99,22.99
YE,USD,1.99,2.99,19.99
ZA,ZAR,39.99,59.99,399.99
ZM,USD,1.99,3.99,22.99
ZW,USD,1.99,3.99,22.99
